{
  "model": "HANPP_Disease v6",
  "dataset": "CareAI March 2026 v6 \u2014 20 unseen patients",
  "n_patients": 20,
  "eval_diseases": [
    "Anemia",
    "CKD",
    "Diabetes",
    "Dyslipidemia",
    "Electrolyte_Imbalance",
    "Hematology_Disorder",
    "Liver_Disease",
    "Thyroid_Disorder"
  ],
  "f1_macro": 0.45543345543345537,
  "f1_micro": 0.5633802816901409,
  "precision_macro": 0.5178571428571429,
  "recall_macro": 0.50625,
  "mean_auc": 0.8933965773809524,
  "per_disease": {
    "Anemia": {
      "f1": 0.0,
      "precision": 0.0,
      "recall": 0.0,
      "auc": 0.9375
    },
    "CKD": {
      "f1": 0.7692307692307693,
      "precision": 0.7142857142857143,
      "recall": 0.8333333333333334,
      "auc": 0.9404761904761905
    },
    "Diabetes": {
      "f1": 0.6666666666666666,
      "precision": 0.6,
      "recall": 0.75,
      "auc": 0.9375
    },
    "Dyslipidemia": {
      "f1": 0.8888888888888888,
      "precision": 1.0,
      "recall": 0.8,
      "auc": 0.8666666666666667
    },
    "Electrolyte_Imbalance": {
      "f1": 0.2857142857142857,
      "precision": 1.0,
      "recall": 0.16666666666666666,
      "auc": 0.75
    },
    "Hematology_Disorder": {
      "f1": 0.0,
      "precision": 0.0,
      "recall": 0.0,
      "auc": 1.0
    },
    "Liver_Disease": {
      "f1": 0.46153846153846156,
      "precision": 0.42857142857142855,
      "recall": 0.5,
      "auc": 0.7619047619047619
    },
    "Thyroid_Disorder": {
      "f1": 0.5714285714285714,
      "precision": 0.4,
      "recall": 1.0,
      "auc": 0.953125
    }
  },
  "train_f1_macro": 0.8491,
  "train_auc_roc": 0.9969
}